Area,Months,Year,Temperature Change,date
Norway,1,1961,0.382,1961-01-01
Norway,2,1961,3.067,1961-02-01
Norway,3,1961,2.468,1961-03-01
Norway,4,1961,-0.239,1961-04-01
Norway,5,1961,0.442,1961-05-01
Norway,6,1961,1.017,1961-06-01
Norway,7,1961,0.556,1961-07-01
Norway,8,1961,-0.108,1961-08-01
Norway,9,1961,1.437,1961-09-01
Norway,10,1961,3.803,1961-10-01
Norway,11,1961,2.219,1961-11-01
Norway,12,1961,-1.628,1961-12-01
Norway,1,1962,0.723,1962-01-01
Norway,2,1962,2.059,1962-02-01
Norway,3,1962,-4.826,1962-03-01
Norway,4,1962,0.589,1962-04-01
Norway,5,1962,-1.141,1962-05-01
Norway,6,1962,-2.327,1962-06-01
Norway,7,1962,-1.686,1962-07-01
Norway,8,1962,-1.736,1962-08-01
Norway,9,1962,-0.593,1962-09-01
Norway,10,1962,1.059,1962-10-01
Norway,11,1962,0.09,1962-11-01
Norway,12,1962,-1.705,1962-12-01
Norway,1,1963,-1.891,1963-01-01
Norway,2,1963,-2.54,1963-02-01
Norway,3,1963,-1.984,1963-03-01
Norway,4,1963,0.55,1963-04-01
Norway,5,1963,3.13,1963-05-01
Norway,6,1963,0.544,1963-06-01
Norway,7,1963,-0.644,1963-07-01
Norway,8,1963,0.889,1963-08-01
Norway,9,1963,1.217,1963-09-01
Norway,10,1963,1.154,1963-10-01
Norway,11,1963,-0.345,1963-11-01
Norway,12,1963,-0.31,1963-12-01
Norway,1,1964,3.765,1964-01-01
Norway,2,1964,0.503,1964-02-01
Norway,3,1964,0.868,1964-03-01
Norway,4,1964,0.91,1964-04-01
Norway,5,1964,1.051,1964-05-01
Norway,6,1964,-1.557,1964-06-01
Norway,7,1964,-0.988,1964-07-01
Norway,8,1964,-0.566,1964-08-01
Norway,9,1964,-0.791,1964-09-01
Norway,10,1964,1.121,1964-10-01
Norway,11,1964,0.2,1964-11-01
Norway,12,1964,0.621,1964-12-01
Norway,1,1965,0.385,1965-01-01
Norway,2,1965,1.261,1965-02-01
Norway,3,1965,-1.172,1965-03-01
Norway,4,1965,1.092,1965-04-01
Norway,5,1965,-1.737,1965-05-01
Norway,6,1965,-0.334,1965-06-01
Norway,7,1965,-1.746,1965-07-01
Norway,8,1965,-1.187,1965-08-01
Norway,9,1965,1.528,1965-09-01
Norway,10,1965,0.902,1965-10-01
Norway,11,1965,-2.897,1965-11-01
Norway,12,1965,-4.339,1965-12-01
Norway,1,1966,-3.382,1966-01-01
Norway,2,1966,-5.823,1966-02-01
Norway,3,1966,-1.696,1966-03-01
Norway,4,1966,-2.243,1966-04-01
Norway,5,1966,-1.109,1966-05-01
Norway,6,1966,1.773,1966-06-01
Norway,7,1966,0.354,1966-07-01
Norway,8,1966,-0.688,1966-08-01
Norway,9,1966,-1.698,1966-09-01
Norway,10,1966,-1.488,1966-10-01
Norway,11,1966,0.674,1966-11-01
Norway,12,1966,0.211,1966-12-01
Norway,1,1967,-2.203,1967-01-01
Norway,2,1967,2.214,1967-02-01
Norway,3,1967,2.789,1967-03-01
Norway,4,1967,-0.134,1967-04-01
Norway,5,1967,-0.122,1967-05-01
Norway,6,1967,-0.693,1967-06-01
Norway,7,1967,-0.579,1967-07-01
Norway,8,1967,0.495,1967-08-01
Norway,9,1967,1.613,1967-09-01
Norway,10,1967,-0.318,1967-10-01
Norway,11,1967,3.358,1967-11-01
Norway,12,1967,-2.077,1967-12-01
Norway,1,1968,-2.435,1968-01-01
Norway,2,1968,-0.148,1968-02-01
Norway,3,1968,0.198,1968-03-01
Norway,4,1968,0.261,1968-04-01
Norway,5,1968,-1.679,1968-05-01
Norway,6,1968,0.39,1968-06-01
Norway,7,1968,-1.117,1968-07-01
Norway,8,1968,-0.377,1968-08-01
Norway,9,1968,0.277,1968-09-01
Norway,10,1968,-2.657,1968-10-01
Norway,11,1968,-1.84,1968-11-01
Norway,12,1968,0.828,1968-12-01
Norway,1,1969,0.028,1969-01-01
Norway,2,1969,-3.177,1969-02-01
Norway,3,1969,-2.136,1969-03-01
Norway,4,1969,0.288,1969-04-01
Norway,5,1969,-0.522,1969-05-01
Norway,6,1969,0.967,1969-06-01
Norway,7,1969,0.373,1969-07-01
Norway,8,1969,2.693,1969-08-01
Norway,9,1969,-0.125,1969-09-01
Norway,10,1969,1.362,1969-10-01
Norway,11,1969,-2.608,1969-11-01
Norway,12,1969,-1.583,1969-12-01
Norway,1,1970,-1.724,1970-01-01
Norway,2,1970,-4.518,1970-02-01
Norway,3,1970,-0.265,1970-03-01
Norway,4,1970,-2.177,1970-04-01
Norway,5,1970,0.689,1970-05-01
Norway,6,1970,2.487,1970-06-01
Norway,7,1970,0.233,1970-07-01
Norway,8,1970,0.756,1970-08-01
Norway,9,1970,-0.528,1970-09-01
Norway,10,1970,-0.025,1970-10-01
Norway,11,1970,-1.637,1970-11-01
Norway,12,1970,1.425,1970-12-01
Norway,1,1971,1.647,1971-01-01
Norway,2,1971,1.301,1971-02-01
Norway,3,1971,-2.391,1971-03-01
Norway,4,1971,-0.51,1971-04-01
Norway,5,1971,0.684,1971-05-01
Norway,6,1971,-0.498,1971-06-01
Norway,7,1971,-0.384,1971-07-01
Norway,8,1971,-0.055,1971-08-01
Norway,9,1971,0.2,1971-09-01
Norway,10,1971,-0.344,1971-10-01
Norway,11,1971,-2.02,1971-11-01
Norway,12,1971,2.972,1971-12-01
Norway,1,1972,0.467,1972-01-01
Norway,2,1972,1.497,1972-02-01
Norway,3,1972,1.694,1972-03-01
Norway,4,1972,0.299,1972-04-01
Norway,5,1972,0.69,1972-05-01
Norway,6,1972,1.621,1972-06-01
Norway,7,1972,2.22,1972-07-01
Norway,8,1972,0.039,1972-08-01
Norway,9,1972,-0.72,1972-09-01
Norway,10,1972,0.59,1972-10-01
Norway,11,1972,-0.121,1972-11-01
Norway,12,1972,4.693,1972-12-01
Norway,1,1973,5.059,1973-01-01
Norway,2,1973,1.958,1973-02-01
Norway,3,1973,3.061,1973-03-01
Norway,4,1973,-0.452,1973-04-01
Norway,5,1973,0.205,1973-05-01
Norway,6,1973,0.377,1973-06-01
Norway,7,1973,2.543,1973-07-01
Norway,8,1973,-0.853,1973-08-01
Norway,9,1973,-1.125,1973-09-01
Norway,10,1973,-2.338,1973-10-01
Norway,11,1973,-2.064,1973-11-01
Norway,12,1973,-1.563,1973-12-01
Norway,1,1974,4.109,1974-01-01
Norway,2,1974,3.485,1974-02-01
Norway,3,1974,2.419,1974-03-01
Norway,4,1974,1.698,1974-04-01
Norway,5,1974,0.551,1974-05-01
Norway,6,1974,0.959,1974-06-01
Norway,7,1974,-0.402,1974-07-01
Norway,8,1974,-0.135,1974-08-01
Norway,9,1974,1.589,1974-09-01
Norway,10,1974,-0.905,1974-10-01
Norway,11,1974,-0.162,1974-11-01
Norway,12,1974,1.991,1974-12-01
Norway,1,1975,3.167,1975-01-01
Norway,2,1975,3.342,1975-02-01
Norway,3,1975,1.974,1975-03-01
Norway,4,1975,-0.32,1975-04-01
Norway,5,1975,0.587,1975-05-01
Norway,6,1975,-1.775,1975-06-01
Norway,7,1975,-0.194,1975-07-01
Norway,8,1975,0.809,1975-08-01
Norway,9,1975,0.551,1975-09-01
Norway,10,1975,0.574,1975-10-01
Norway,11,1975,1.996,1975-11-01
Norway,12,1975,1.81,1975-12-01
Norway,1,1976,-1.789,1976-01-01
Norway,2,1976,2.465,1976-02-01
Norway,3,1976,-0.918,1976-03-01
Norway,4,1976,-0.077,1976-04-01
Norway,5,1976,1.256,1976-05-01
Norway,6,1976,-0.594,1976-06-01
Norway,7,1976,0.212,1976-07-01
Norway,8,1976,0.279,1976-08-01
Norway,9,1976,-2.222,1976-09-01
Norway,10,1976,-0.795,1976-10-01
Norway,11,1976,-0.098,1976-11-01
Norway,12,1976,-2.089,1976-12-01
Norway,1,1977,-0.725,1977-01-01
Norway,2,1977,-1.462,1977-02-01
Norway,3,1977,0.757,1977-03-01
Norway,4,1977,-2.145,1977-04-01
Norway,5,1977,-0.536,1977-05-01
Norway,6,1977,-0.8,1977-06-01
Norway,7,1977,-0.194,1977-07-01
Norway,8,1977,-0.147,1977-08-01
Norway,9,1977,-0.981,1977-09-01
Norway,10,1977,0.595,1977-10-01
Norway,11,1977,1.118,1977-11-01
Norway,12,1977,1.558,1977-12-01
Norway,1,1978,0.213,1978-01-01
Norway,2,1978,-2.01,1978-02-01
Norway,3,1978,-0.878,1978-03-01
Norway,4,1978,-0.628,1978-04-01
Norway,5,1978,0.496,1978-05-01
Norway,6,1978,0.801,1978-06-01
Norway,7,1978,-0.032,1978-07-01
Norway,8,1978,-0.422,1978-08-01
Norway,9,1978,-1.067,1978-09-01
Norway,10,1978,0.029,1978-10-01
Norway,11,1978,0.736,1978-11-01
Norway,12,1978,-5.463,1978-12-01
Norway,1,1979,-4.006,1979-01-01
Norway,2,1979,-1.296,1979-02-01
Norway,3,1979,-0.42,1979-03-01
Norway,4,1979,0.046,1979-04-01
Norway,5,1979,-0.556,1979-05-01
Norway,6,1979,1.042,1979-06-01
Norway,7,1979,-0.302,1979-07-01
Norway,8,1979,-0.242,1979-08-01
Norway,9,1979,-0.161,1979-09-01
Norway,10,1979,-1.226,1979-10-01
Norway,11,1979,-0.235,1979-11-01
Norway,12,1979,-0.059,1979-12-01
Norway,1,1980,-1.925,1980-01-01
Norway,2,1980,-1.565,1980-02-01
Norway,3,1980,-1.57,1980-03-01
Norway,4,1980,1.566,1980-04-01
Norway,5,1980,0.865,1980-05-01
Norway,6,1980,1.922,1980-06-01
Norway,7,1980,0.999,1980-07-01
Norway,8,1980,0.444,1980-08-01
Norway,9,1980,0.629,1980-09-01
Norway,10,1980,-2.175,1980-10-01
Norway,11,1980,-2.855,1980-11-01
Norway,12,1980,-1.133,1980-12-01
Norway,1,1981,-0.438,1981-01-01
Norway,2,1981,0.351,1981-02-01
Norway,3,1981,-2.344,1981-03-01
Norway,4,1981,-0.044,1981-04-01
Norway,5,1981,0.917,1981-05-01
Norway,6,1981,-2.319,1981-06-01
Norway,7,1981,-0.042,1981-07-01
Norway,8,1981,-0.895,1981-08-01
Norway,9,1981,0.804,1981-09-01
Norway,10,1981,-0.176,1981-10-01
Norway,11,1981,-0.598,1981-11-01
Norway,12,1981,-5.055,1981-12-01
Norway,1,1982,-2.265,1982-01-01
Norway,2,1982,2.645,1982-02-01
Norway,3,1982,2.116,1982-03-01
Norway,4,1982,0.834,1982-04-01
Norway,5,1982,-0.232,1982-05-01
Norway,6,1982,-1.645,1982-06-01
Norway,7,1982,1.012,1982-07-01
Norway,8,1982,0.469,1982-08-01
Norway,9,1982,-0.401,1982-09-01
Norway,10,1982,0.492,1982-10-01
Norway,11,1982,1.419,1982-11-01
Norway,12,1982,1.41,1982-12-01
Norway,1,1983,3.232,1983-01-01
Norway,2,1983,0.862,1983-02-01
Norway,3,1983,1.067,1983-03-01
Norway,4,1983,1.545,1983-04-01
Norway,5,1983,0.741,1983-05-01
Norway,6,1983,-0.696,1983-06-01
Norway,7,1983,0.464,1983-07-01
Norway,8,1983,-0.565,1983-08-01
Norway,9,1983,0.722,1983-09-01
Norway,10,1983,-0.077,1983-10-01
Norway,11,1983,-1.064,1983-11-01
Norway,12,1983,-0.175,1983-12-01
Norway,1,1984,-1.212,1984-01-01
Norway,2,1984,3.328,1984-02-01
Norway,3,1984,-0.899,1984-03-01
Norway,4,1984,1.716,1984-04-01
Norway,5,1984,2.532,1984-05-01
Norway,6,1984,0.266,1984-06-01
Norway,7,1984,-0.648,1984-07-01
Norway,8,1984,0.172,1984-08-01
Norway,9,1984,-0.707,1984-09-01
Norway,10,1984,0.968,1984-10-01
Norway,11,1984,1.097,1984-11-01
Norway,12,1984,3.403,1984-12-01
Norway,1,1985,-3.348,1985-01-01
Norway,2,1985,-4.367,1985-02-01
Norway,3,1985,0.255,1985-03-01
Norway,4,1985,-1.708,1985-04-01
Norway,5,1985,-0.106,1985-05-01
Norway,6,1985,-0.193,1985-06-01
Norway,7,1985,0.576,1985-07-01
Norway,8,1985,0.193,1985-08-01
Norway,9,1985,-1.061,1985-09-01
Norway,10,1985,1.497,1985-10-01
Norway,11,1985,-2.25,1985-11-01
Norway,12,1985,-3.687,1985-12-01
Norway,1,1986,-3.628,1986-01-01
Norway,2,1986,-1.633,1986-02-01
Norway,3,1986,2.005,1986-03-01
Norway,4,1986,-1.208,1986-04-01
Norway,5,1986,1.515,1986-05-01
Norway,6,1986,1.973,1986-06-01
Norway,7,1986,-0.027,1986-07-01
Norway,8,1986,-1.504,1986-08-01
Norway,9,1986,-2.552,1986-09-01
Norway,10,1986,0.983,1986-10-01
Norway,11,1986,2.605,1986-11-01
Norway,12,1986,-2.085,1986-12-01
Norway,1,1987,-4.549,1987-01-01
Norway,2,1987,-0.376,1987-02-01
Norway,3,1987,-2.436,1987-03-01
Norway,4,1987,1.065,1987-04-01
Norway,5,1987,-0.281,1987-05-01
Norway,6,1987,-1.54,1987-06-01
Norway,7,1987,-0.459,1987-07-01
Norway,8,1987,-2.072,1987-08-01
Norway,9,1987,-0.601,1987-09-01
Norway,10,1987,3.107,1987-10-01
Norway,11,1987,0.25,1987-11-01
Norway,12,1987,0.053,1987-12-01
Norway,1,1988,2.81,1988-01-01
Norway,2,1988,1.265,1988-02-01
Norway,3,1988,-1.155,1988-03-01
Norway,4,1988,-1.537,1988-04-01
Norway,5,1988,1.387,1988-05-01
Norway,6,1988,1.714,1988-06-01
Norway,7,1988,1.502,1988-07-01
Norway,8,1988,0.109,1988-08-01
Norway,9,1988,1.431,1988-09-01
Norway,10,1988,-0.524,1988-10-01
Norway,11,1988,-1.334,1988-11-01
Norway,12,1988,0.033,1988-12-01
Norway,1,1989,5.999,1989-01-01
Norway,2,1989,4.959,1989-02-01
Norway,3,1989,3.667,1989-03-01
Norway,4,1989,2.394,1989-04-01
Norway,5,1989,1.103,1989-05-01
Norway,6,1989,0.62,1989-06-01
Norway,7,1989,-0.194,1989-07-01
Norway,8,1989,-0.211,1989-08-01
Norway,9,1989,0.608,1989-09-01
Norway,10,1989,0.234,1989-10-01
Norway,11,1989,1.729,1989-11-01
Norway,12,1989,-0.259,1989-12-01
Norway,1,1990,2.37,1990-01-01
Norway,2,1990,7.279,1990-02-01
Norway,3,1990,3.393,1990-03-01
Norway,4,1990,1.815,1990-04-01
Norway,5,1990,0.791,1990-05-01
Norway,6,1990,0.748,1990-06-01
Norway,7,1990,0.328,1990-07-01
Norway,8,1990,0.942,1990-08-01
Norway,9,1990,-0.131,1990-09-01
Norway,10,1990,1.258,1990-10-01
Norway,11,1990,-0.254,1990-11-01
Norway,12,1990,3.483,1990-12-01
Norway,1,1991,2.941,1991-01-01
Norway,2,1991,0.238,1991-02-01
Norway,3,1991,2.184,1991-03-01
Norway,4,1991,1.312,1991-04-01
Norway,5,1991,-0.624,1991-05-01
Norway,6,1991,-1.35,1991-06-01
Norway,7,1991,1.216,1991-07-01
Norway,8,1991,1.175,1991-08-01
Norway,9,1991,-0.234,1991-09-01
Norway,10,1991,0.323,1991-10-01
Norway,11,1991,1.103,1991-11-01
Norway,12,1991,3.266,1991-12-01
Norway,1,1992,5.105,1992-01-01
Norway,2,1992,4.468,1992-02-01
Norway,3,1992,2.924,1992-03-01
Norway,4,1992,-0.701,1992-04-01
Norway,5,1992,2.243,1992-05-01
Norway,6,1992,2.053,1992-06-01
Norway,7,1992,-0.953,1992-07-01
Norway,8,1992,-1.127,1992-08-01
Norway,9,1992,1.009,1992-09-01
Norway,10,1992,-3.926,1992-10-01
Norway,11,1992,-0.871,1992-11-01
Norway,12,1992,3.382,1992-12-01
Norway,1,1993,3.489,1993-01-01
Norway,2,1993,3.855,1993-02-01
Norway,3,1993,1.279,1993-03-01
Norway,4,1993,1.5,1993-04-01
Norway,5,1993,1.755,1993-05-01
Norway,6,1993,-2.152,1993-06-01
Norway,7,1993,-0.175,1993-07-01
Norway,8,1993,-0.907,1993-08-01
Norway,9,1993,-1.779,1993-09-01
Norway,10,1993,-1.873,1993-10-01
Norway,11,1993,0.056,1993-11-01
Norway,12,1993,-0.862,1993-12-01
Norway,1,1994,-0.676,1994-01-01
Norway,2,1994,-1.56,1994-02-01
Norway,3,1994,0.426,1994-03-01
Norway,4,1994,2.481,1994-04-01
Norway,5,1994,-0.279,1994-05-01
Norway,6,1994,-1.373,1994-06-01
Norway,7,1994,1.766,1994-07-01
Norway,8,1994,1.058,1994-08-01
Norway,9,1994,-0.294,1994-09-01
Norway,10,1994,-0.828,1994-10-01
Norway,11,1994,1.013,1994-11-01
Norway,12,1994,3.39,1994-12-01
Norway,1,1995,2.465,1995-01-01
Norway,2,1995,3.361,1995-02-01
Norway,3,1995,2.136,1995-03-01
Norway,4,1995,0.061,1995-04-01
Norway,5,1995,-0.549,1995-05-01
Norway,6,1995,0.363,1995-06-01
Norway,7,1995,-0.489,1995-07-01
Norway,8,1995,0.3,1995-08-01
Norway,9,1995,0.374,1995-09-01
Norway,10,1995,1.235,1995-10-01
Norway,11,1995,-1.26,1995-11-01
Norway,12,1995,-2.201,1995-12-01
Norway,1,1996,1.955,1996-01-01
Norway,2,1996,-0.925,1996-02-01
Norway,3,1996,0.761,1996-03-01
Norway,4,1996,0.434,1996-04-01
Norway,5,1996,-1.372,1996-05-01
Norway,6,1996,-0.669,1996-06-01
Norway,7,1996,-0.946,1996-07-01
Norway,8,1996,2.301,1996-08-01
Norway,9,1996,-0.259,1996-09-01
Norway,10,1996,1.465,1996-10-01
Norway,11,1996,-1.168,1996-11-01
Norway,12,1996,-1.262,1996-12-01
Norway,1,1997,2.104,1997-01-01
Norway,2,1997,2.323,1997-02-01
Norway,3,1997,1.595,1997-03-01
Norway,4,1997,-1.247,1997-04-01
Norway,5,1997,-0.782,1997-05-01
Norway,6,1997,0.773,1997-06-01
Norway,7,1997,2.038,1997-07-01
Norway,8,1997,2.97,1997-08-01
Norway,9,1997,1.613,1997-09-01
Norway,10,1997,-1.115,1997-10-01
Norway,11,1997,0.258,1997-11-01
Norway,12,1997,1.612,1997-12-01
Norway,1,1998,2.483,1998-01-01
Norway,2,1998,2.047,1998-02-01
Norway,3,1998,0.062,1998-03-01
Norway,4,1998,-0.032,1998-04-01
Norway,5,1998,0.373,1998-05-01
Norway,6,1998,-0.608,1998-06-01
Norway,7,1998,0.374,1998-07-01
Norway,8,1998,-0.543,1998-08-01
Norway,9,1998,1.106,1998-09-01
Norway,10,1998,-0.189,1998-10-01
Norway,11,1998,-1.965,1998-11-01
Norway,12,1998,1.425,1998-12-01
Norway,1,1999,0.325,1999-01-01
Norway,2,1999,1.279,1999-02-01
Norway,3,1999,1.418,1999-03-01
Norway,4,1999,2.179,1999-04-01
Norway,5,1999,-0.388,1999-05-01
Norway,6,1999,0.886,1999-06-01
Norway,7,1999,0.537,1999-07-01
Norway,8,1999,-0.606,1999-08-01
Norway,9,1999,3.23,1999-09-01
Norway,10,1999,1.149,1999-10-01
Norway,11,1999,3.811,1999-11-01
Norway,12,1999,-1.198,1999-12-01
Norway,1,2000,3.476,2000-01-01
Norway,2,2000,3.107,2000-02-01
Norway,3,2000,1.354,2000-03-01
Norway,4,2000,1.491,2000-04-01
Norway,5,2000,1.848,2000-05-01
Norway,6,2000,-0.948,2000-06-01
Norway,7,2000,0.175,2000-07-01
Norway,8,2000,-0.217,2000-08-01
Norway,9,2000,0.888,2000-09-01
Norway,10,2000,3.448,2000-10-01
Norway,11,2000,3.852,2000-11-01
Norway,12,2000,1.584,2000-12-01
Norway,1,2001,3.338,2001-01-01
Norway,2,2001,-0.962,2001-02-01
Norway,3,2001,-2.519,2001-03-01
Norway,4,2001,0.149,2001-04-01
Norway,5,2001,0.371,2001-05-01
Norway,6,2001,0.204,2001-06-01
Norway,7,2001,0.872,2001-07-01
Norway,8,2001,0.39,2001-08-01
Norway,9,2001,1.309,2001-09-01
Norway,10,2001,1.695,2001-10-01
Norway,11,2001,1.062,2001-11-01
Norway,12,2001,-0.209,2001-12-01
Norway,1,2002,2.087,2002-01-01
Norway,2,2002,3.428,2002-02-01
Norway,3,2002,1.441,2002-03-01
Norway,4,2002,3.444,2002-04-01
Norway,5,2002,2.828,2002-05-01
Norway,6,2002,2.131,2002-06-01
Norway,7,2002,1.649,2002-07-01
Norway,8,2002,3.432,2002-08-01
Norway,9,2002,1.035,2002-09-01
Norway,10,2002,-2.238,2002-10-01
Norway,11,2002,-2.25,2002-11-01
Norway,12,2002,-1.981,2002-12-01
Norway,1,2003,-1.106,2003-01-01
Norway,2,2003,3.428,2003-02-01
Norway,3,2003,3.274,2003-03-01
Norway,4,2003,1.879,2003-04-01
Norway,5,2003,0.811,2003-05-01
Norway,6,2003,0.673,2003-06-01
Norway,7,2003,3.156,2003-07-01
Norway,8,2003,1.323,2003-08-01
Norway,9,2003,0.721,2003-09-01
Norway,10,2003,-1.253,2003-10-01
Norway,11,2003,2.475,2003-11-01
Norway,12,2003,1.67,2003-12-01
Norway,1,2004,0.487,2004-01-01
Norway,2,2004,2.198,2004-02-01
Norway,3,2004,2.578,2004-03-01
Norway,4,2004,3.17,2004-04-01
Norway,5,2004,1.534,2004-05-01
Norway,6,2004,-0.699,2004-06-01
Norway,7,2004,0.934,2004-07-01
Norway,8,2004,1.795,2004-08-01
Norway,9,2004,1.262,2004-09-01
Norway,10,2004,0.707,2004-10-01
Norway,11,2004,0.138,2004-11-01
Norway,12,2004,3.137,2004-12-01
Norway,1,2005,4.536,2005-01-01
Norway,2,2005,2.665,2005-02-01
Norway,3,2005,-0.076,2005-03-01
Norway,4,2005,2.452,2005-04-01
Norway,5,2005,-0.459,2005-05-01
Norway,6,2005,0.025,2005-06-01
Norway,7,2005,1.96,2005-07-01
Norway,8,2005,0.627,2005-08-01
Norway,9,2005,1.104,2005-09-01
Norway,10,2005,2.182,2005-10-01
Norway,11,2005,3.207,2005-11-01
Norway,12,2005,1.147,2005-12-01
Norway,1,2006,3.149,2006-01-01
Norway,2,2006,2.068,2006-02-01
Norway,3,2006,-2.633,2006-03-01
Norway,4,2006,1.485,2006-04-01
Norway,5,2006,1.665,2006-05-01
Norway,6,2006,0.967,2006-06-01
Norway,7,2006,1.728,2006-07-01
Norway,8,2006,2.711,2006-08-01
Norway,9,2006,2.754,2006-09-01
Norway,10,2006,0.738,2006-10-01
Norway,11,2006,2.448,2006-11-01
Norway,12,2006,5.637,2006-12-01
Norway,1,2007,2.262,2007-01-01
Norway,2,2007,-0.445,2007-02-01
Norway,3,2007,4.671,2007-03-01
Norway,4,2007,2.466,2007-04-01
Norway,5,2007,0.64,2007-05-01
Norway,6,2007,1.292,2007-06-01
Norway,7,2007,0.811,2007-07-01
Norway,8,2007,0.831,2007-08-01
Norway,9,2007,-0.371,2007-09-01
Norway,10,2007,1.899,2007-10-01
Norway,11,2007,0.747,2007-11-01
Norway,12,2007,3.545,2007-12-01
Norway,1,2008,4.358,2008-01-01
Norway,2,2008,4.925,2008-02-01
Norway,3,2008,0.32,2008-03-01
Norway,4,2008,1.661,2008-04-01
Norway,5,2008,1.039,2008-05-01
Norway,6,2008,0.38,2008-06-01
Norway,7,2008,1.371,2008-07-01
Norway,8,2008,-0.106,2008-08-01
Norway,9,2008,0.474,2008-09-01
Norway,10,2008,0.808,2008-10-01
Norway,11,2008,0.824,2008-11-01
Norway,12,2008,2.217,2008-12-01
Norway,1,2009,2.705,2009-01-01
Norway,2,2009,-0.164,2009-02-01
Norway,3,2009,1.701,2009-03-01
Norway,4,2009,2.929,2009-04-01
Norway,5,2009,2.097,2009-05-01
Norway,6,2009,-0.053,2009-06-01
Norway,7,2009,0.99,2009-07-01
Norway,8,2009,1.419,2009-08-01
Norway,9,2009,1.404,2009-09-01
Norway,10,2009,-1.246,2009-10-01
Norway,11,2009,2.869,2009-11-01
Norway,12,2009,-0.914,2009-12-01
Norway,1,2010,-2.007,2010-01-01
Norway,2,2010,-2.588,2010-02-01
Norway,3,2010,-0.083,2010-03-01
Norway,4,2010,1.795,2010-04-01
Norway,5,2010,0.823,2010-05-01
Norway,6,2010,-0.78,2010-06-01
Norway,7,2010,1.195,2010-07-01
Norway,8,2010,0.45,2010-08-01
Norway,9,2010,0.809,2010-09-01
Norway,10,2010,0.654,2010-10-01
Norway,11,2010,-3.291,2010-11-01
Norway,12,2010,-4.025,2010-12-01
Norway,1,2011,1.234,2011-01-01
Norway,2,2011,-0.718,2011-02-01
Norway,3,2011,1.425,2011-03-01
Norway,4,2011,4.435,2011-04-01
Norway,5,2011,1.403,2011-05-01
Norway,6,2011,1.565,2011-06-01
Norway,7,2011,1.495,2011-07-01
Norway,8,2011,0.919,2011-08-01
Norway,9,2011,2.308,2011-09-01
Norway,10,2011,2.269,2011-10-01
Norway,11,2011,4.743,2011-11-01
Norway,12,2011,3.484,2011-12-01
Norway,1,2012,1.771,2012-01-01
Norway,2,2012,1.391,2012-02-01
Norway,3,2012,4.425,2012-03-01
Norway,4,2012,0.183,2012-04-01
Norway,5,2012,0.807,2012-05-01
Norway,6,2012,-1.101,2012-06-01
Norway,7,2012,-0.131,2012-07-01
Norway,8,2012,0.109,2012-08-01
Norway,9,2012,0.124,2012-09-01
Norway,10,2012,-0.582,2012-10-01
Norway,11,2012,2.327,2012-11-01
Norway,12,2012,-2.673,2012-12-01
Norway,1,2013,1.008,2013-01-01
Norway,2,2013,1.795,2013-02-01
Norway,3,2013,-2.443,2013-03-01
Norway,4,2013,0.339,2013-04-01
Norway,5,2013,3.17,2013-05-01
Norway,6,2013,1.464,2013-06-01
Norway,7,2013,1.086,2013-07-01
Norway,8,2013,1.235,2013-08-01
Norway,9,2013,2.003,2013-09-01
Norway,10,2013,1.073,2013-10-01
Norway,11,2013,1.505,2013-11-01
Norway,12,2013,3.771,2013-12-01
Norway,1,2014,0.343,2014-01-01
Norway,2,2014,6.393,2014-02-01
Norway,3,2014,3.96,2014-03-01
Norway,4,2014,2.618,2014-04-01
Norway,5,2014,0.936,2014-05-01
Norway,6,2014,0.187,2014-06-01
Norway,7,2014,4.031,2014-07-01
Norway,8,2014,1.208,2014-08-01
Norway,9,2014,1.63,2014-09-01
Norway,10,2014,1.704,2014-10-01
Norway,11,2014,2.177,2014-11-01
Norway,12,2014,1.763,2014-12-01
Norway,1,2015,2.26,2015-01-01
Norway,2,2015,4.633,2015-02-01
Norway,3,2015,4.001,2015-03-01
Norway,4,2015,2.22,2015-04-01
Norway,5,2015,0.106,2015-05-01
Norway,6,2015,-1.291,2015-06-01
Norway,7,2015,-0.545,2015-07-01
Norway,8,2015,1.742,2015-08-01
Norway,9,2015,2.259,2015-09-01
Norway,10,2015,1.61,2015-10-01
Norway,11,2015,2.826,2015-11-01
Norway,12,2015,4.029,2015-12-01
Norway,1,2016,-1.209,2016-01-01
Norway,2,2016,3.303,2016-02-01
Norway,3,2016,3.308,2016-03-01
Norway,4,2016,1.867,2016-04-01
Norway,5,2016,2.579,2016-05-01
Norway,6,2016,0.851,2016-06-01
Norway,7,2016,1.276,2016-07-01
Norway,8,2016,0.082,2016-08-01
Norway,9,2016,3.374,2016-09-01
Norway,10,2016,0.925,2016-10-01
Norway,11,2016,0.309,2016-11-01
Norway,12,2016,4.296,2016-12-01
Norway,1,2017,3.935,2017-01-01
Norway,2,2017,3.19,2017-02-01
Norway,3,2017,2.183,2017-03-01
Norway,4,2017,0.392,2017-04-01
Norway,5,2017,0.344,2017-05-01
Norway,6,2017,0.09,2017-06-01
Norway,7,2017,0.276,2017-07-01
Norway,8,2017,0.109,2017-08-01
Norway,9,2017,1.856,2017-09-01
Norway,10,2017,1.351,2017-10-01
Norway,11,2017,0.598,2017-11-01
Norway,12,2017,1.158,2017-12-01
Norway,1,2018,1.416,2018-01-01
Norway,2,2018,-0.165,2018-02-01
Norway,3,2018,-2.192,2018-03-01
Norway,4,2018,1.805,2018-04-01
Norway,5,2018,4.57,2018-05-01
Norway,6,2018,0.398,2018-06-01
Norway,7,2018,4.051,2018-07-01
Norway,8,2018,0.897,2018-08-01
Norway,9,2018,1.451,2018-09-01
Norway,10,2018,0.757,2018-10-01
Norway,11,2018,3.66,2018-11-01
Norway,12,2018,2.193,2018-12-01
Norway,1,2019,1.122,2019-01-01
Norway,2,2019,3.668,2019-02-01
Norway,3,2019,1.336,2019-03-01
Norway,4,2019,3.492,2019-04-01
Norway,5,2019,0.369,2019-05-01
Norway,6,2019,0.822,2019-06-01
Norway,7,2019,1.08,2019-07-01
Norway,8,2019,1.578,2019-08-01
Norway,9,2019,0.639,2019-09-01
Norway,10,2019,-1.016,2019-10-01
Norway,11,2019,-0.847,2019-11-01
Norway,12,2019,3.202,2019-12-01
